2020-8-23 0:0:5,25.9,99.9
2020-8-23 0:1:5,26,99.9
2020-8-23 0:2:5,25.9,99.9
2020-8-23 0:3:5,26,99.9
2020-8-23 0:4:5,26,99.9
2020-8-23 0:5:5,25.9,99.9
2020-8-23 0:6:5,25.8,99.9
2020-8-23 0:7:5,25.7,99.9
2020-8-23 0:8:5,25.7,99.9
2020-8-23 0:9:5,25.8,99.9
2020-8-23 0:10:5,25.9,99.9
2020-8-23 0:11:5,26,99.9
2020-8-23 0:12:5,26.1,99.9
2020-8-23 0:13:5,26.2,99.9
2020-8-23 0:14:5,26.3,99.9
2020-8-23 0:15:5,26.4,99.9
2020-8-23 0:16:5,26.4,99.9
2020-8-23 0:17:5,26.5,99.9
2020-8-23 0:18:5,26.5,99.9
2020-8-23 0:19:5,26.6,99.9
2020-8-23 0:20:6,26.6,99.9
2020-8-23 0:21:6,26.7,99.9
2020-8-23 0:22:6,26.7,99.9
2020-8-23 0:23:6,26.7,99.9
2020-8-23 0:24:6,26.7,99.9
2020-8-23 0:25:6,26.7,99.9
2020-8-23 0:26:6,26.7,99.9
2020-8-23 0:27:6,26.7,99.9
2020-8-23 0:28:6,26.7,99.9
2020-8-23 0:29:6,26.7,99.9
2020-8-23 0:30:6,26.7,99.9
2020-8-23 0:31:6,26.7,99.9
2020-8-23 0:32:6,26.8,99.9
2020-8-23 0:33:6,26.8,99.9
2020-8-23 0:34:6,26.8,99.9
2020-8-23 0:35:6,26.8,99.9
2020-8-23 0:36:6,27.1,99.9
2020-8-23 0:37:6,27.4,99.9
2020-8-23 0:38:6,27.6,99.9
2020-8-23 0:39:6,27.8,99.9
2020-8-23 0:40:6,28,99.9
2020-8-23 0:41:7,28.1,99.9
2020-8-23 0:42:6,28.1,99.9
2020-8-23 0:43:6,28.2,99.9
2020-8-23 0:44:7,28.2,99.9
2020-8-23 0:45:6,28.3,99.9
2020-8-23 0:46:7,28.1,99.9
2020-8-23 0:47:7,28.1,99.9
2020-8-23 0:48:7,28.1,99.9
2020-8-23 0:49:7,28,99.9
2020-8-23 0:50:7,28.1,99.9
2020-8-23 0:51:7,28.1,99.9
2020-8-23 0:52:7,28.1,99.9
2020-8-23 0:53:7,28,99.9
2020-8-23 0:54:7,28.1,99.9
2020-8-23 0:55:7,28.4,99.9
2020-8-23 0:56:7,28.6,99.9
2020-8-23 0:57:7,28.7,99.9
2020-8-23 0:58:7,28.7,99.9
2020-8-23 0:59:7,28.6,99.9
2020-8-23 1:0:7,28.4,99.9
2020-8-23 1:1:7,28.1,99.9
2020-8-23 1:2:7,27.9,99.9
2020-8-23 1:3:7,28,99.9
2020-8-23 1:4:7,28.2,99.9
2020-8-23 1:5:7,28.3,99.9
2020-8-23 1:6:7,28.3,99.9
2020-8-23 1:7:7,28.3,99.9
2020-8-23 1:8:7,28.1,99.9
2020-8-23 1:9:7,28,99.9
2020-8-23 1:10:7,28,99.9
2020-8-23 1:11:7,28.2,99.9
2020-8-23 1:12:8,28.3,99.9
2020-8-23 1:13:8,28.5,99.9
2020-8-23 1:14:8,28.7,99.9
2020-8-23 1:15:8,28.9,99.9
2020-8-23 1:16:8,28.9,99.9
2020-8-23 1:17:8,28.8,99.9
2020-8-23 1:18:8,28.7,99.9
2020-8-23 1:19:8,28.4,99.9
2020-8-23 1:20:8,28.1,99.9
2020-8-23 1:21:8,27.8,99.9
2020-8-23 1:22:8,27.7,99.9
2020-8-23 1:23:8,27.5,99.9
2020-8-23 1:24:8,27.6,99.9
2020-8-23 1:25:8,27.7,99.9
2020-8-23 1:26:8,27.8,99.9
2020-8-23 1:27:8,27.9,99.9
2020-8-23 1:28:8,28,99.9
2020-8-23 1:29:8,28,99.9
2020-8-23 1:30:8,28,99.9
2020-8-23 1:31:8,28,99.9
2020-8-23 1:32:9,28.1,99.9
2020-8-23 1:33:8,28.1,99.9
2020-8-23 1:34:8,28.1,99.9
2020-8-23 1:35:8,28.1,99.9
2020-8-23 1:36:8,28.1,99.9
2020-8-23 1:37:8,28.1,99.9
2020-8-23 1:38:8,28.1,99.9
2020-8-23 1:39:8,28.1,99.9
2020-8-23 1:40:8,28.2,99.9
2020-8-23 1:41:8,28.2,99.9
2020-8-23 1:42:9,28.2,99.9
2020-8-23 1:43:9,28.2,99.9
2020-8-23 1:44:9,28.2,99.9
2020-8-23 1:45:9,28.2,99.9
2020-8-23 1:46:9,28.2,99.9
2020-8-23 1:47:9,28.2,99.9
2020-8-23 1:48:9,28.2,99.9
2020-8-23 1:49:9,28.2,99.9
2020-8-23 1:50:9,28.2,99.9
2020-8-23 1:51:9,28.2,99.9
2020-8-23 1:52:9,28.2,99.9
2020-8-23 1:53:9,28.3,99.9
2020-8-23 1:54:9,28.2,99.9
2020-8-23 1:55:9,28.2,99.9
2020-8-23 1:56:9,28.2,99.9
2020-8-23 1:57:9,28.2,99.9
2020-8-23 1:58:9,28.3,99.9
2020-8-23 1:59:9,28.2,99.9
2020-8-23 2:0:9,28.2,99.9
2020-8-23 2:1:9,28.2,99.9
2020-8-23 2:2:9,28.2,99.9
2020-8-23 2:3:9,28.2,99.9
2020-8-23 2:4:9,28.3,99.9
2020-8-23 2:5:9,28.2,99.9
2020-8-23 2:6:9,28.3,99.9
2020-8-23 2:7:10,28.2,99.9
2020-8-23 2:8:10,28.3,99.9
2020-8-23 2:9:11,28.3,99.9
2020-8-23 2:10:10,28.3,99.9
2020-8-23 2:11:10,28.4,99.9
2020-8-23 2:12:10,28.4,99.9
2020-8-23 2:13:10,28.4,99.9
2020-8-23 2:14:10,28.4,99.9
2020-8-23 2:15:10,28.5,99.9
2020-8-23 2:16:10,28.4,99.9
2020-8-23 2:17:10,28.5,99.9
2020-8-23 2:18:10,28.9,99.9
2020-8-23 2:19:10,29.5,99.9
2020-8-23 2:20:10,29.6,99.9
2020-8-23 2:21:10,29.9,99.9
2020-8-23 2:22:10,29.9,99.9
2020-8-23 2:23:10,29.9,99.9
2020-8-23 2:24:10,29.8,99.9
2020-8-23 2:25:10,29.7,99.9
2020-8-23 2:26:10,29.6,99.9
2020-8-23 2:27:10,29.5,99.9
2020-8-23 2:28:11,29,99.9
2020-8-23 2:29:10,29.1,99.9
2020-8-23 2:30:11,29.1,99.9
2020-8-23 2:31:10,29.1,99.9
2020-8-23 2:32:10,29,99.9
2020-8-23 2:33:10,28.9,99.9
2020-8-23 2:34:10,28.9,99.9
2020-8-23 2:35:10,29.1,99.9
2020-8-23 2:36:10,29.2,99.9
2020-8-23 2:37:11,29.3,99.9
2020-8-23 2:38:11,29.3,99.9
2020-8-23 2:39:10,29.3,99.9
2020-8-23 2:40:11,29.6,99.9
2020-8-23 2:41:11,29.7,99.9
2020-8-23 2:42:11,29.8,99.9
2020-8-23 2:43:11,29.8,99.9
2020-8-23 2:44:11,29.8,99.9
2020-8-23 2:45:11,29.8,99.9
2020-8-23 2:46:11,29.9,99.9
2020-8-23 2:47:11,29.9,99.9
2020-8-23 2:48:12,29.8,99.9
2020-8-23 2:49:11,29.8,99.9
2020-8-23 2:50:11,29.8,99.9
2020-8-23 2:51:11,29.8,99.9
2020-8-23 2:52:11,29.8,99.9
2020-8-23 2:53:11,29.9,99.9
2020-8-23 2:54:11,29.9,99.9
2020-8-23 2:55:11,30,99.9
2020-8-23 2:56:11,30,99.9
2020-8-23 2:57:12,30,99.9
2020-8-23 2:58:12,29.7,99.9
2020-8-23 2:59:12,29.4,99.9
2020-8-23 3:0:11,29.4,99.9
2020-8-23 3:1:12,29.5,99.9
2020-8-23 3:2:12,29.6,99.9
2020-8-23 3:3:12,29.6,99.9
2020-8-23 3:4:11,29.6,99.9
2020-8-23 3:5:11,29.7,99.9
2020-8-23 3:6:11,29.8,99.9
2020-8-23 3:7:12,30,99.9
2020-8-23 3:8:12,30.1,99.9
2020-8-23 3:9:12,30.2,99.9
2020-8-23 3:10:12,30.3,99.9
2020-8-23 3:11:12,30.4,99.9
2020-8-23 3:12:12,30.4,99.9
2020-8-23 3:13:12,30.5,99.9
2020-8-23 3:14:12,30.2,99.9
2020-8-23 3:15:12,30.2,99.9
2020-8-23 3:16:12,30.1,99.9
2020-8-23 3:17:12,29.9,99.9
2020-8-23 3:18:12,29.9,99.9
2020-8-23 3:19:12,29.9,99.9
2020-8-23 3:20:12,29.8,99.9
2020-8-23 3:21:12,29.8,99.9
2020-8-23 3:22:13,29.8,99.9
2020-8-23 3:23:13,29.9,99.9
2020-8-23 3:24:12,29.9,99.9
2020-8-23 3:25:12,29.9,99.9
2020-8-23 3:26:12,29.9,99.9
2020-8-23 3:27:12,29.8,99.9
2020-8-23 3:28:12,29.9,99.9
2020-8-23 3:29:12,29.9,99.9
2020-8-23 3:30:12,30,99.9
2020-8-23 3:31:12,30.1,99.9
2020-8-23 3:32:12,30,99.9
2020-8-23 3:33:13,30.1,99.9
2020-8-23 3:34:13,30.1,99.9
2020-8-23 3:35:13,30.2,99.9
2020-8-23 3:36:13,30.2,99.9
2020-8-23 3:37:13,30.2,99.9
2020-8-23 3:38:13,30.2,99.9
2020-8-23 3:39:13,30.1,99.9
2020-8-23 3:40:13,30.1,99.9
2020-8-23 3:41:13,30,99.9
2020-8-23 3:42:13,30,99.9
2020-8-23 3:43:13,30.1,99.9
2020-8-23 3:44:13,30,99.9
2020-8-23 3:45:13,30.1,99.9
2020-8-23 3:46:13,30.1,99.9
2020-8-23 3:47:13,30.2,99.9
2020-8-23 3:48:14,30,99.9
2020-8-23 3:49:13,30,99.9
2020-8-23 3:50:13,29.9,99.9
2020-8-23 3:51:13,29.8,99.9
2020-8-23 3:52:13,29.8,99.9
2020-8-23 3:53:14,29.8,99.9
2020-8-23 3:54:14,29.7,99.9
2020-8-23 3:55:14,29.7,99.9
2020-8-23 3:56:13,29.7,99.9
2020-8-23 3:57:13,29.8,99.9
2020-8-23 3:58:13,29.7,99.9
2020-8-23 3:59:13,29.8,99.9
2020-8-23 4:0:14,29.7,99.9
2020-8-23 4:1:14,29.7,99.9
2020-8-23 4:2:14,29.7,99.9
2020-8-23 4:3:14,29.7,99.9
2020-8-23 4:4:14,29.7,99.9
2020-8-23 4:5:14,29.7,99.9
2020-8-23 4:6:14,29.7,99.9
2020-8-23 4:7:14,29.6,99.9
2020-8-23 4:8:14,29.7,99.9
2020-8-23 4:9:14,29.7,99.9
2020-8-23 4:10:14,29.7,99.9
2020-8-23 4:11:14,29.7,99.9
2020-8-23 4:12:14,29.7,99.9
2020-8-23 4:13:14,29.7,99.9
2020-8-23 4:14:15,29.9,99.9
2020-8-23 4:15:14,29.9,99.9
2020-8-23 4:16:14,29.9,99.9
2020-8-23 4:17:14,29.8,99.9
2020-8-23 4:18:14,29.6,99.9
2020-8-23 4:19:15,29.5,99.9
2020-8-23 4:20:15,29.6,99.9
2020-8-23 4:21:14,29.6,99.9
2020-8-23 4:22:14,29.6,99.9
2020-8-23 4:23:14,29.7,99.9
2020-8-23 4:24:14,29.7,99.9
2020-8-23 4:25:14,29.7,99.9
2020-8-23 4:26:15,29.7,99.9
2020-8-23 4:27:15,29.7,99.9
2020-8-23 4:28:15,29.7,99.9
2020-8-23 4:29:15,29.7,99.9
2020-8-23 4:30:15,29.8,99.9
2020-8-23 4:31:15,29.8,99.9
2020-8-23 4:32:15,29.8,99.9
2020-8-23 4:33:15,29.9,99.9
2020-8-23 4:34:16,29.9,99.9
2020-8-23 4:35:15,29.9,99.9
2020-8-23 4:36:15,29.9,99.9
2020-8-23 4:37:15,29.9,99.9
2020-8-23 4:38:15,29.8,99.9
2020-8-23 4:39:15,29.8,99.9
2020-8-23 4:40:15,29.8,99.9
2020-8-23 4:41:15,29.8,99.9
2020-8-23 4:42:15,29.8,99.9
2020-8-23 4:43:15,29.7,99.9
2020-8-23 4:44:16,29.7,99.9
2020-8-23 4:45:16,29.7,99.9
2020-8-23 4:46:16,29.6,99.9
2020-8-23 4:47:15,29.6,99.9
2020-8-23 4:48:16,29.6,99.9
2020-8-23 4:49:16,29.5,99.9
2020-8-23 4:50:16,29.5,99.9
2020-8-23 4:51:16,29.5,99.9
2020-8-23 4:52:16,29.5,99.9
2020-8-23 4:53:16,29.5,99.9
2020-8-23 4:54:16,29.5,99.9
2020-8-23 4:55:16,29.5,99.9
2020-8-23 4:56:16,29.6,99.9
2020-8-23 4:57:16,29.5,99.9
2020-8-23 4:58:16,29.4,99.9
2020-8-23 4:59:16,29.3,99.9
2020-8-23 5:0:16,29.3,99.9
2020-8-23 5:1:16,29.3,99.9
2020-8-23 5:2:16,29.3,99.9
2020-8-23 5:3:16,29.3,99.9
2020-8-23 5:4:16,29.3,99.9
2020-8-23 5:5:17,29.2,99.9
2020-8-23 5:6:16,29.2,99.9
2020-8-23 5:7:17,29.1,99.9
2020-8-23 5:8:17,29.2,99.9
2020-8-23 5:9:16,29.2,99.9
2020-8-23 5:10:16,29.3,99.9
2020-8-23 5:11:16,29.3,99.9
2020-8-23 5:12:16,29.4,99.9
2020-8-23 5:13:16,29.4,99.9
2020-8-23 5:14:16,29.5,99.9
2020-8-23 5:15:16,29.4,99.9
2020-8-23 5:16:17,29.3,99.9
2020-8-23 5:17:17,29.3,99.9
2020-8-23 5:18:17,29.3,99.9
2020-8-23 5:19:17,29.3,99.9
2020-8-23 5:20:17,29.3,99.9
2020-8-23 5:21:17,29.3,99.9
2020-8-23 5:22:17,29.2,99.9
2020-8-23 5:23:17,29.2,99.9
2020-8-23 5:24:17,29.3,99.9
2020-8-23 5:25:17,29.2,99.9
2020-8-23 5:26:17,29.2,99.9
2020-8-23 5:27:17,29.1,99.9
2020-8-23 5:28:17,29.1,99.9
2020-8-23 5:29:17,29.1,99.9
2020-8-23 5:30:17,29.1,99.9
2020-8-23 5:31:17,29.1,99.9
2020-8-23 5:32:17,29.1,99.9
2020-8-23 5:33:17,29.1,99.9
2020-8-23 5:34:18,29.1,99.9
2020-8-23 5:35:17,29.1,99.9
2020-8-23 5:36:17,29.1,99.9
2020-8-23 5:37:17,29.1,99.9
2020-8-23 5:38:17,29.1,99.9
2020-8-23 5:39:17,29.1,99.9
2020-8-23 5:40:17,29.1,99.9
2020-8-23 5:41:17,29.1,99.9
2020-8-23 5:42:17,29.1,99.9
2020-8-23 5:43:17,29.1,99.9
2020-8-23 5:44:18,29.1,99.9
2020-8-23 5:45:17,29,99.9
2020-8-23 5:46:17,29.1,99.9
2020-8-23 5:47:17,29,99.9
2020-8-23 5:48:18,29,99.9
2020-8-23 5:49:18,29,99.9
2020-8-23 5:50:18,28.9,99.9
2020-8-23 5:51:18,29,99.9
2020-8-23 5:52:18,29,99.9
2020-8-23 5:53:18,29.1,99.9
2020-8-23 5:54:18,29.1,99.9
2020-8-23 5:55:18,29.1,99.9
2020-8-23 5:56:18,29.1,99.9
2020-8-23 5:57:18,29.1,99.9
2020-8-23 5:58:18,29,99.9
2020-8-23 5:59:18,29,99.9
2020-8-23 6:0:18,28.8,99.9
2020-8-23 6:1:18,28.9,99.9
2020-8-23 6:2:18,28.9,99.9
2020-8-23 6:3:18,28.7,99.9
2020-8-23 6:4:18,28.5,99.9
2020-8-23 6:5:18,28.5,99.9
2020-8-23 6:6:18,28.6,99.9
2020-8-23 6:7:18,28.7,99.9
2020-8-23 6:8:18,28.7,99.9
2020-8-23 6:9:19,28.8,99.9
2020-8-23 6:10:19,28.6,99.9
2020-8-23 6:11:19,28.7,99.9
2020-8-23 6:12:19,28.7,99.9
2020-8-23 6:13:19,29,99.9
2020-8-23 6:14:19,29,99.9
2020-8-23 6:15:19,29.2,99.9
2020-8-23 6:16:19,29.2,99.9
2020-8-23 6:17:19,29.2,99.9
2020-8-23 6:18:19,29.3,99.9
2020-8-23 6:19:19,29.3,99.9
2020-8-23 6:20:19,29.4,99.9
2020-8-23 6:21:19,29,99.9
2020-8-23 6:22:19,29,99.9
2020-8-23 6:23:19,28.9,99.9
2020-8-23 6:24:19,29,99.9
2020-8-23 6:25:19,29.2,99.9
2020-8-23 6:26:19,29.3,99.9
2020-8-23 6:27:19,29.3,99.9
2020-8-23 6:28:19,29.4,99.9
2020-8-23 6:29:19,29.4,99.9
2020-8-23 6:30:19,29.3,99.9
2020-8-23 6:31:19,29.4,99.9
2020-8-23 6:32:19,29.4,99.9
2020-8-23 6:33:19,29.5,99.9
2020-8-23 6:34:19,29.4,99.9
2020-8-23 6:35:19,29.5,99.9
2020-8-23 6:36:19,29.5,99.9
2020-8-23 6:37:19,29.5,99.9
2020-8-23 6:38:19,29.5,99.9
2020-8-23 6:39:19,29.5,99.9
2020-8-23 6:40:20,29.5,99.9
2020-8-23 6:41:20,29.5,99.9
2020-8-23 6:42:20,29.5,99.9
2020-8-23 6:43:20,29.6,99.9
2020-8-23 6:44:20,29.5,99.9
2020-8-23 6:45:20,29.2,99.9
2020-8-23 6:46:20,29,99.9
2020-8-23 6:47:20,29.1,99.9
2020-8-23 6:48:20,29.3,99.9
2020-8-23 6:49:20,29.4,99.9
2020-8-23 6:50:20,29.4,99.9
2020-8-23 6:51:20,29.5,99.9
2020-8-23 6:52:20,29.5,99.9
2020-8-23 6:53:20,29.5,99.9
2020-8-23 6:54:20,29.5,99.9
2020-8-23 6:55:20,29.5,99.9
2020-8-23 6:56:20,29.4,99.9
2020-8-23 6:57:20,29.4,99.9
2020-8-23 6:58:20,29.5,99.9
2020-8-23 6:59:20,29.4,99.9
2020-8-23 7:0:20,29.3,99.9
2020-8-23 7:1:20,29.3,99.9
2020-8-23 7:2:20,29.3,99.9
2020-8-23 7:3:21,29.3,99.9
2020-8-23 7:4:21,29.3,99.9
2020-8-23 7:5:21,29.5,99.9
2020-8-23 7:6:21,29.6,99.9
2020-8-23 7:7:21,29.6,99.9
2020-8-23 7:8:21,29.6,99.9
2020-8-23 7:9:21,29.5,99.9
2020-8-23 7:10:21,29.4,99.9
2020-8-23 7:11:21,29.3,99.9
2020-8-23 7:12:21,29,99.9
2020-8-23 7:13:21,29,99.9
2020-8-23 7:14:21,28.9,99.9
2020-8-23 7:15:21,29,99.9
2020-8-23 7:16:21,29.2,99.9
2020-8-23 7:17:21,29.2,99.9
2020-8-23 7:18:21,29.3,99.9
2020-8-23 7:19:21,29.3,99.9
2020-8-23 7:20:21,29.4,99.9
2020-8-23 7:21:21,29.4,99.9
2020-8-23 7:22:21,29.4,99.9
2020-8-23 7:23:21,29.4,99.9
2020-8-23 7:24:21,29.4,99.9
2020-8-23 7:25:21,29.4,99.9
2020-8-23 7:26:21,29.4,99.9
2020-8-23 7:27:22,29.6,99.9
2020-8-23 7:28:21,29.5,99.9
2020-8-23 7:29:22,29.8,99.9
2020-8-23 7:30:22,29.7,99.9
2020-8-23 7:31:22,29.8,99.9
2020-8-23 7:32:23,29.9,99.9
2020-8-23 7:33:22,29.8,99.9
2020-8-23 7:34:22,29.4,99.9
2020-8-23 7:35:22,29.4,99.9
2020-8-23 7:36:22,29.4,99.9
2020-8-23 7:37:22,29.6,99.9
2020-8-23 7:38:22,29.5,99.9
2020-8-23 7:39:22,29.8,99.9
2020-8-23 7:40:22,29.8,99.9
2020-8-23 7:41:22,29.7,99.9
2020-8-23 7:42:22,29.5,99.9
2020-8-23 7:43:22,29.5,99.9
2020-8-23 7:44:22,29.7,99.9
2020-8-23 7:45:22,29.7,99.9
2020-8-23 7:46:22,29.8,99.9
2020-8-23 7:47:22,29.7,99.9
2020-8-23 7:48:22,29.6,99.9
2020-8-23 7:49:22,29.8,99.9
2020-8-23 7:50:22,29.8,99.9
2020-8-23 7:51:22,29.5,99.9
2020-8-23 7:52:22,29.4,99.9
2020-8-23 7:53:22,29.3,99.9
2020-8-23 7:54:22,29.3,99.9
2020-8-23 7:55:22,29.4,99.9
2020-8-23 7:56:22,29.6,99.9
2020-8-23 7:57:22,29.8,99.9
2020-8-23 7:58:23,29.9,99.9
2020-8-23 7:59:23,30,99.9
2020-8-23 8:0:23,30,99.9
2020-8-23 8:1:23,30,99.9
2020-8-23 8:2:23,30,99.9
2020-8-23 8:3:24,30,99.9
2020-8-23 8:4:23,30,99.9
2020-8-23 8:5:23,30,99.9
2020-8-23 8:6:23,30,99.9
2020-8-23 8:7:23,30.1,99.9
2020-8-23 8:8:23,30,99.9
2020-8-23 8:9:23,30,99.9
2020-8-23 8:10:23,29.9,99.9
2020-8-23 8:11:23,29.9,99.9
2020-8-23 8:12:23,29.9,99.9
2020-8-23 8:13:23,30,99.9
2020-8-23 8:14:23,29.9,99.9
2020-8-23 8:15:23,29.7,99.9
2020-8-23 8:16:23,29.7,99.9
2020-8-23 8:17:23,29.7,99.9
2020-8-23 8:18:23,29.6,99.9
2020-8-23 8:19:23,29.5,99.9
2020-8-23 8:20:23,29.4,99.9
2020-8-23 8:21:23,29.3,99.9
2020-8-23 8:22:23,29.5,99.9
2020-8-23 8:23:23,29.6,99.9
2020-8-23 8:24:24,29.9,99.9
2020-8-23 8:25:23,29.9,99.9
2020-8-23 8:26:23,29.9,99.9
2020-8-23 8:27:23,29.9,99.9
2020-8-23 8:28:24,30,99.9
2020-8-23 8:29:24,30,99.9
2020-8-23 8:30:24,30,99.9
2020-8-23 8:31:24,30.1,99.9
2020-8-23 8:32:24,30,99.9
2020-8-23 8:33:24,30,99.9
2020-8-23 8:34:24,30,99.9
2020-8-23 8:35:24,30,99.9
2020-8-23 8:36:24,30,99.9
2020-8-23 8:37:24,30.1,99.9
2020-8-23 8:38:24,30.1,99.9
2020-8-23 8:39:24,30.1,99.9
2020-8-23 8:40:24,30.1,99.9
2020-8-23 8:41:24,30.1,99.9
2020-8-23 8:42:24,30.1,99.9
2020-8-23 8:43:24,30.1,99.9
2020-8-23 8:44:24,30.1,99.9
2020-8-23 8:45:25,30.1,99.9
2020-8-23 8:46:24,30,99.9
2020-8-23 8:47:25,30,99.9
2020-8-23 8:48:25,30.1,99.9
2020-8-23 8:49:24,30.1,99.9
2020-8-23 8:50:24,30.1,99.9
2020-8-23 8:51:24,30.1,99.9
2020-8-23 8:52:24,30,99.9
2020-8-23 8:53:24,29.9,99.9
2020-8-23 8:54:25,30,99.9
2020-8-23 8:55:25,30,99.9
2020-8-23 8:56:25,30,99.9
2020-8-23 8:57:25,30,99.9
2020-8-23 8:58:25,30,99.9
2020-8-23 8:59:25,30.1,99.9
2020-8-23 9:0:25,30.1,99.9
2020-8-23 9:1:25,30.1,99.9
2020-8-23 9:2:25,29.4,99.9
2020-8-23 9:3:25,29.3,99.9
2020-8-23 9:4:25,29.2,99.9
2020-8-23 9:5:25,29.1,99.9
2020-8-23 9:6:25,29.1,99.9
2020-8-23 9:7:25,29,99.9
2020-8-23 9:8:25,29.1,99.9
2020-8-23 9:9:25,29.1,99.9
2020-8-23 9:10:25,28.9,99.9
2020-8-23 9:11:25,28.9,99.9
2020-8-23 9:12:25,29,99.9
2020-8-23 9:13:25,28.9,99.9
2020-8-23 9:14:25,28.9,99.9
2020-8-23 9:15:25,29,99.9
2020-8-23 9:16:26,28.9,99.9
2020-8-23 9:17:26,29,99.9
2020-8-23 9:18:25,29,99.9
2020-8-23 9:19:25,29.1,99.9
2020-8-23 9:20:26,29.2,99.9
2020-8-23 9:21:26,29.1,99.9
2020-8-23 9:22:26,29.2,99.9
2020-8-23 9:23:26,29.2,99.9
2020-8-23 9:24:26,29.4,99.9
2020-8-23 9:25:26,29.6,99.9
2020-8-23 9:26:26,29.6,99.9
2020-8-23 9:27:26,29.5,99.9
2020-8-23 9:28:26,29.5,99.9
2020-8-23 9:29:26,29.5,99.9
2020-8-23 9:30:26,29.4,99.9
2020-8-23 9:31:26,29.5,99.9
2020-8-23 9:32:26,29.5,99.9
2020-8-23 9:33:26,29.5,99.9
2020-8-23 9:34:26,29.5,99.9
2020-8-23 9:35:27,29.6,99.9
2020-8-23 9:36:27,29.6,99.9
2020-8-23 9:37:27,29.6,99.9
2020-8-23 9:38:26,29.6,99.9
2020-8-23 9:39:26,29.5,99.9
2020-8-23 9:40:26,29.5,99.9
2020-8-23 9:41:26,29.5,99.9
2020-8-23 9:42:26,29.4,99.9
2020-8-23 9:43:26,29.4,99.9
2020-8-23 9:44:26,29.4,99.9
2020-8-23 9:45:27,29.5,99.9
2020-8-23 9:46:27,29.5,99.9
2020-8-23 9:47:26,29.5,99.9
2020-8-23 9:48:26,29.5,99.9
2020-8-23 9:49:27,29.5,99.9
2020-8-23 9:50:27,29.5,99.9
2020-8-23 9:51:27,29.5,99.9
2020-8-23 9:52:27,29.6,99.9
2020-8-23 9:53:27,29.6,99.9
2020-8-23 9:54:27,29.6,99.9
2020-8-23 9:55:27,29.5,99.9
2020-8-23 9:56:27,29.6,99.9
2020-8-23 9:57:27,29.6,99.9
2020-8-23 9:58:27,29.6,99.9
2020-8-23 9:59:27,29.7,99.9
2020-8-23 10:0:27,29.6,99.9
2020-8-23 10:1:27,29.6,99.9
2020-8-23 10:2:27,29.6,99.9
2020-8-23 10:3:27,29.6,99.9
2020-8-23 10:4:27,29.5,99.9
2020-8-23 10:5:27,29.5,99.9
2020-8-23 10:6:27,29.5,99.9
2020-8-23 10:7:27,29.5,99.9
2020-8-23 10:8:27,29.6,99.9
2020-8-23 10:9:27,29.6,99.9
2020-8-23 10:10:27,29.7,99.9
2020-8-23 10:11:27,29.7,99.9
2020-8-23 10:12:27,29.6,99.9
2020-8-23 10:13:28,29.6,99.9
2020-8-23 10:14:27,29.6,99.9
2020-8-23 10:15:28,29.6,99.9
2020-8-23 10:16:28,29.6,99.9
2020-8-23 10:17:28,29.6,99.9
2020-8-23 10:18:28,29.6,99.9
2020-8-23 10:19:28,29.6,99.9
2020-8-23 10:20:28,29.6,99.9
2020-8-23 10:21:28,29.6,99.9
2020-8-23 10:22:28,29.6,99.9
2020-8-23 10:23:28,29.6,99.9
2020-8-23 10:24:28,29.6,99.9
2020-8-23 10:25:28,29.5,99.9
2020-8-23 10:26:28,29.5,99.9
2020-8-23 10:27:28,29.5,99.9
2020-8-23 10:28:28,29.5,99.9
2020-8-23 10:29:28,29.5,99.9
2020-8-23 10:30:28,29.5,99.9
2020-8-23 10:31:28,29.5,99.9
2020-8-23 10:32:28,29.5,99.9
2020-8-23 10:33:28,29.5,99.9
2020-8-23 10:34:28,29.5,99.9
2020-8-23 10:35:28,29.5,99.9
2020-8-23 10:36:28,29.5,99.9
2020-8-23 10:37:28,29.4,99.9
2020-8-23 10:38:28,29.4,99.9
2020-8-23 10:39:28,29.4,99.9
2020-8-23 10:40:28,29.4,99.9
2020-8-23 10:41:28,29.4,99.9
2020-8-23 10:42:29,29.4,99.9
2020-8-23 10:43:29,29.4,99.9
2020-8-23 10:44:29,29.5,99.9
2020-8-23 10:45:30,29.6,99.9
2020-8-23 10:46:29,29.6,99.9
2020-8-23 10:47:29,29.7,99.9
2020-8-23 10:48:29,29.7,99.9
2020-8-23 10:49:29,29.7,99.9
2020-8-23 10:50:29,29.7,99.9
2020-8-23 10:51:29,29.7,99.9
2020-8-23 10:52:29,29.8,99.9
2020-8-23 10:53:29,29.8,99.9
2020-8-23 10:54:29,29.8,99.9
2020-8-23 10:55:29,29.8,99.9
2020-8-23 10:56:29,29.9,99.9
2020-8-23 10:57:29,29.9,99.9
2020-8-23 10:58:29,29.9,99.9
2020-8-23 10:59:29,29.9,99.9
2020-8-23 11:0:29,29.9,99.9
2020-8-23 11:1:29,29.9,99.9
2020-8-23 11:2:29,29.9,99.9
2020-8-23 11:3:29,29.9,99.9
2020-8-23 11:4:29,29.9,99.9
2020-8-23 11:5:30,30,99.9
2020-8-23 11:6:30,30,99.9
2020-8-23 11:7:30,30,99.9
2020-8-23 11:8:30,30.1,99.9
2020-8-23 11:9:30,30,99.9
2020-8-23 11:10:30,30.1,99.9
2020-8-23 11:11:30,30.1,99.9
2020-8-23 11:12:30,30,99.9
2020-8-23 11:13:30,30.1,99.9
2020-8-23 11:14:30,30.1,99.9
2020-8-23 11:15:30,30.1,99.9
2020-8-23 11:16:30,30.1,99.9
2020-8-23 11:17:30,30.1,99.9
2020-8-23 11:18:30,30.1,99.9
2020-8-23 11:19:30,30.2,99.9
2020-8-23 11:20:30,30.2,99.9
2020-8-23 11:21:30,30.2,99.9
2020-8-23 11:22:30,30.1,99.9
2020-8-23 11:23:30,30.1,99.9
2020-8-23 11:24:30,30,99.9
2020-8-23 11:25:30,30,99.9
2020-8-23 11:26:30,30,99.9
2020-8-23 11:27:30,30,99.9
2020-8-23 11:28:30,29.9,99.9
2020-8-23 11:29:30,29.8,99.9
2020-8-23 11:30:31,29.7,99.9
2020-8-23 11:31:31,29.7,99.9
2020-8-23 11:32:31,29.6,99.9
2020-8-23 11:33:31,29.6,99.9
2020-8-23 11:34:31,29.6,99.9
2020-8-23 11:35:31,29.6,99.9
2020-8-23 11:36:31,29.5,99.9
2020-8-23 11:37:31,29.4,99.9
2020-8-23 11:38:31,29.4,99.9
2020-8-23 11:39:31,29.5,99.9
2020-8-23 11:40:31,29.4,99.9
2020-8-23 11:41:31,29.4,99.9
2020-8-23 11:42:31,29.4,99.9
2020-8-23 11:43:31,29.4,99.9
2020-8-23 11:44:31,29.4,99.9
2020-8-23 11:45:32,29.4,99.9
2020-8-23 11:46:32,29.3,99.9
2020-8-23 11:47:32,29.4,99.9
2020-8-23 11:48:32,29.4,99.9
2020-8-23 11:49:32,29.4,99.9
2020-8-23 11:50:31,29.4,99.9
2020-8-23 11:51:31,29.4,99.9
2020-8-23 11:52:31,29.5,99.9
2020-8-23 11:53:31,29.5,99.9
2020-8-23 11:54:32,29.6,99.9
2020-8-23 11:55:32,29.7,99.9
2020-8-23 11:56:32,29.6,99.9
2020-8-23 11:57:32,29.8,99.9
2020-8-23 11:58:32,29.7,99.9
2020-8-23 11:59:32,29.7,99.9
2020-8-23 12:0:32,29.7,99.9
2020-8-23 12:1:32,29.7,99.9
2020-8-23 12:2:32,29.7,99.9
2020-8-23 12:3:32,29.8,99.9
2020-8-23 12:4:32,29.8,99.9
2020-8-23 12:5:32,29.8,99.9
2020-8-23 12:6:32,29.8,99.9
2020-8-23 12:7:32,29.8,99.9
2020-8-23 12:8:32,29.8,99.9
2020-8-23 12:9:32,29.7,99.9
2020-8-23 12:10:32,29.6,99.9
2020-8-23 12:11:33,29.6,99.9
2020-8-23 12:12:33,29.6,99.9
2020-8-23 12:13:32,29.6,99.9
2020-8-23 12:14:32,29.7,99.9
2020-8-23 12:15:32,29.6,99.9
2020-8-23 12:16:32,29.6,99.9
2020-8-23 12:17:32,29.6,99.9
2020-8-23 12:18:32,29.6,99.9
2020-8-23 12:19:32,29.6,99.9
2020-8-23 12:20:32,29.6,99.9
2020-8-23 12:21:33,29.6,99.9
2020-8-23 12:22:33,29.6,99.9
2020-8-23 12:23:33,29.6,99.9
2020-8-23 12:24:33,29.6,99.9
2020-8-23 12:25:33,29.5,99.9
2020-8-23 12:26:33,29.6,99.9
2020-8-23 12:27:33,29.6,99.9
2020-8-23 12:28:33,29.5,99.9
2020-8-23 12:29:33,29.6,99.9
2020-8-23 12:30:33,29.5,99.9
2020-8-23 12:31:34,29.5,99.9
2020-8-23 12:32:33,29.5,99.9
2020-8-23 12:33:33,29.5,99.9
2020-8-23 12:34:33,29.5,99.9
2020-8-23 12:35:33,29.5,99.9
2020-8-23 12:36:33,29.4,99.9
2020-8-23 12:37:33,29.5,99.9
2020-8-23 12:38:33,29.6,99.9
2020-8-23 12:39:34,29.5,99.9
2020-8-23 12:40:34,29.5,99.9
2020-8-23 12:41:34,29.5,99.9
2020-8-23 12:42:33,29.5,99.9
2020-8-23 12:43:33,29.5,99.9
2020-8-23 12:44:33,29.4,99.9
2020-8-23 12:45:33,29.3,99.9
2020-8-23 12:46:33,29.3,99.9
2020-8-23 12:47:34,29.3,99.9
2020-8-23 12:48:34,29.3,99.9
2020-8-23 12:49:34,29.5,99.9
2020-8-23 12:50:33,29.4,99.9
2020-8-23 12:51:33,29.6,99.9
2020-8-23 12:52:33,29.7,99.9
2020-8-23 12:53:34,29.6,99.9
2020-8-23 12:54:34,29.7,99.9
2020-8-23 12:55:34,29.6,99.9
2020-8-23 12:56:34,29.7,99.9
2020-8-23 12:57:34,29.7,99.9
2020-8-23 12:58:34,29.6,99.9
2020-8-23 12:59:34,29.6,99.9
2020-8-23 13:0:34,29.6,99.9
2020-8-23 13:1:34,29.5,99.9
2020-8-23 13:2:34,29.5,99.9
2020-8-23 13:3:34,29.5,99.9
2020-8-23 13:4:34,29.5,99.9
2020-8-23 13:5:34,29.5,99.9
2020-8-23 13:6:34,29.4,99.9
2020-8-23 13:7:34,29.4,99.9
2020-8-23 13:8:34,29.5,99.9
2020-8-23 13:9:34,29.4,99.9
2020-8-23 13:10:34,29.4,99.9
2020-8-23 13:11:34,29.4,99.9
2020-8-23 13:12:34,29.4,99.9
2020-8-23 13:13:34,29.5,99.9
2020-8-23 13:14:35,29.4,99.9
2020-8-23 13:15:35,29.4,99.9
2020-8-23 13:16:35,29.4,99.9
2020-8-23 13:17:35,29.3,99.9
2020-8-23 13:18:35,29.3,99.9
2020-8-23 13:19:35,29.4,99.9
2020-8-23 13:20:35,29.4,99.9
2020-8-23 13:21:35,29.5,99.9
2020-8-23 13:22:35,29.5,99.9
2020-8-23 13:23:35,29.6,99.9
2020-8-23 13:24:35,29.6,99.9
2020-8-23 13:25:35,29.5,99.9
2020-8-23 13:26:35,29.5,99.9
2020-8-23 13:27:35,29.5,99.9
2020-8-23 13:28:35,29.5,99.9
2020-8-23 13:29:35,29.5,99.9
2020-8-23 13:30:35,29.5,99.9
2020-8-23 13:31:35,29.5,99.9
2020-8-23 13:32:35,29.4,99.9
2020-8-23 13:33:35,29.4,99.9
2020-8-23 13:34:35,29.4,99.9
2020-8-23 13:35:35,29.4,99.9
2020-8-23 13:36:35,29.5,99.9
2020-8-23 13:37:35,29.6,99.9
2020-8-23 13:38:35,29.7,99.9
2020-8-23 13:39:36,29.7,99.9
2020-8-23 13:40:36,29.7,99.9
2020-8-23 13:41:36,29.7,99.9
2020-8-23 13:42:36,29.6,99.9
2020-8-23 13:43:36,29.6,99.9
2020-8-23 13:44:36,29.6,99.9
2020-8-23 13:45:36,29.5,99.9
2020-8-23 13:46:36,29.4,99.9
2020-8-23 13:47:36,29.3,99.9
2020-8-23 13:48:36,29.4,99.9
2020-8-23 13:49:36,29.5,99.9
2020-8-23 13:50:36,29.5,99.9
2020-8-23 13:51:36,29.5,99.9
2020-8-23 13:52:36,29.5,99.9
2020-8-23 13:53:36,29.5,99.9
2020-8-23 13:54:37,29.5,99.9
2020-8-23 13:55:36,29.5,99.9
2020-8-23 13:56:36,29.5,99.9
2020-8-23 13:57:36,29.6,99.9
2020-8-23 13:58:37,29.5,99.9
2020-8-23 13:59:36,29.5,99.9
2020-8-23 14:0:36,29.5,99.9
2020-8-23 14:1:36,29.5,99.9
2020-8-23 14:2:36,29.5,99.9
2020-8-23 14:3:36,29.5,99.9
2020-8-23 14:4:36,29.5,99.9
2020-8-23 14:5:36,29.5,99.9
2020-8-23 14:6:36,29.5,99.9
2020-8-23 14:7:37,29.4,99.9
2020-8-23 14:8:37,29.2,99.9
2020-8-23 14:9:37,29.2,99.9
2020-8-23 14:10:37,29.2,99.9
2020-8-23 14:11:37,29.3,99.9
2020-8-23 14:12:38,29.2,99.9
2020-8-23 14:13:37,29.2,99.9
2020-8-23 14:14:37,29.2,99.9
2020-8-23 14:15:37,29.3,99.9
2020-8-23 14:16:37,29.4,99.9
2020-8-23 14:17:37,29.6,99.9
2020-8-23 14:18:37,29.7,99.9
2020-8-23 14:19:37,29.5,99.9
2020-8-23 14:20:37,29.5,99.9
2020-8-23 14:21:37,29.5,99.9
2020-8-23 14:22:37,29.4,99.9
2020-8-23 14:23:37,29.4,99.9
2020-8-23 14:24:38,29.1,99.9
2020-8-23 14:25:37,29.1,99.9
2020-8-23 14:26:37,29.1,99.9
2020-8-23 14:27:37,29.1,99.9
2020-8-23 14:28:37,29,99.9
2020-8-23 14:29:38,29.1,99.9
2020-8-23 14:30:37,29.1,99.9
2020-8-23 14:31:38,29.3,99.9
2020-8-23 14:32:38,29.3,99.9
2020-8-23 14:33:38,29.3,99.9
2020-8-23 14:34:38,29.4,99.9
2020-8-23 14:35:38,29.4,99.9
2020-8-23 14:36:38,29.4,99.9
2020-8-23 14:37:38,29.4,99.9
2020-8-23 14:38:38,29.4,99.9
2020-8-23 14:39:38,29.3,99.9
2020-8-23 14:40:38,29.3,99.9
2020-8-23 14:41:38,29.3,99.9
2020-8-23 14:42:38,29.3,99.9
2020-8-23 14:43:38,29.3,99.9
2020-8-23 14:44:38,29.2,99.9
2020-8-23 14:45:38,29.3,99.9
2020-8-23 14:46:38,29.2,99.9
2020-8-23 14:47:38,29.2,99.9
2020-8-23 14:48:38,29.2,99.9
2020-8-23 14:49:38,29.3,99.9
2020-8-23 14:50:38,29.3,99.9
2020-8-23 14:51:38,29.2,99.9
2020-8-23 14:52:38,29.2,99.9
2020-8-23 14:53:38,29.2,99.9
2020-8-23 14:54:39,29.1,99.9
2020-8-23 14:55:39,29.2,99.9
2020-8-23 14:56:39,29.2,99.9
2020-8-23 14:57:39,29.2,99.9
2020-8-23 14:58:39,29.3,99.9
2020-8-23 14:59:39,29.3,99.9
2020-8-23 15:0:39,29.3,99.9
2020-8-23 15:1:39,29.3,99.9
2020-8-23 15:2:39,29.2,99.9
2020-8-23 15:3:39,29.2,99.9
2020-8-23 15:4:39,29.2,99.9
2020-8-23 15:5:39,29.5,99.9
2020-8-23 15:6:39,29.5,99.9
2020-8-23 15:7:39,29.6,99.9
2020-8-23 15:8:39,29.8,99.9
2020-8-23 15:9:40,29.9,99.9
2020-8-23 15:10:39,29.9,99.9
2020-8-23 15:11:39,29.8,99.9
2020-8-23 15:12:39,29.7,99.9
2020-8-23 15:13:39,29.7,99.9
2020-8-23 15:14:39,29.7,99.9
2020-8-23 15:15:39,29.6,99.9
2020-8-23 15:16:39,29.5,99.9
2020-8-23 15:17:39,29.5,99.9
2020-8-23 15:18:40,29.5,99.9
2020-8-23 15:19:40,29.6,99.9
2020-8-23 15:20:40,29.5,99.9
2020-8-23 15:21:40,29.7,99.9
2020-8-23 15:22:40,29.7,99.9
2020-8-23 15:23:40,29.7,99.9
2020-8-23 15:24:40,29.8,99.9
2020-8-23 15:25:40,29.8,99.9
2020-8-23 15:26:40,29.8,99.9
2020-8-23 15:27:40,29.9,99.9
2020-8-23 15:28:40,29.9,99.9
2020-8-23 15:29:40,29.9,99.9
2020-8-23 15:30:40,30,99.9
2020-8-23 15:31:41,30,99.9
2020-8-23 15:32:41,30.1,99.9
2020-8-23 15:33:40,30.1,99.9
2020-8-23 15:34:40,30.1,99.9
2020-8-23 15:35:41,30.1,99.9
2020-8-23 15:36:40,30.1,99.9
2020-8-23 15:37:40,30.1,99.9
2020-8-23 15:38:40,30.1,99.9
2020-8-23 15:39:41,30,99.9
2020-8-23 15:40:40,30,99.9
2020-8-23 15:41:41,30,99.9
2020-8-23 15:42:41,30,99.9
2020-8-23 15:43:41,29.9,99.9
2020-8-23 15:44:41,29.8,99.9
2020-8-23 15:45:41,29.8,99.9
2020-8-23 15:46:41,29.9,99.9
2020-8-23 15:47:41,30,99.9
2020-8-23 15:48:41,30,99.9
2020-8-23 15:49:41,29.9,99.9
2020-8-23 15:50:41,29.9,99.9
2020-8-23 15:51:41,30,99.9
2020-8-23 15:52:41,29.9,99.9
2020-8-23 15:53:41,29.9,99.9
2020-8-23 15:54:41,29.9,99.9
2020-8-23 15:55:42,29.9,99.9
2020-8-23 15:56:41,30,99.9
2020-8-23 15:57:41,30,99.9
2020-8-23 15:58:41,30,99.9
2020-8-23 15:59:41,30.1,99.9
2020-8-23 16:0:41,30.1,99.9
2020-8-23 16:1:41,30.2,99.9
2020-8-23 16:2:41,30.1,99.9
2020-8-23 16:3:41,30.1,99.9
2020-8-23 16:4:41,30.1,99.9
2020-8-23 16:5:41,30.1,99.9
2020-8-23 16:6:42,30.1,99.9
2020-8-23 16:7:42,30,99.9
2020-8-23 16:8:42,30,99.9
2020-8-23 16:9:42,30,99.9
2020-8-23 16:10:42,30,99.9
2020-8-23 16:11:42,29.9,99.9
2020-8-23 16:12:42,29.9,99.9
2020-8-23 16:13:42,29.3,99.9
2020-8-23 16:14:42,29.3,99.9
2020-8-23 16:15:42,29,99.9
2020-8-23 16:16:42,28.8,99.9
2020-8-23 16:17:42,28.6,99.9
2020-8-23 16:18:42,28.4,99.9
2020-8-23 16:19:42,28.3,99.9
2020-8-23 16:20:42,28.2,99.9
2020-8-23 16:21:43,28.1,99.9
2020-8-23 16:22:43,28.2,99.9
2020-8-23 16:23:43,28.1,99.9
2020-8-23 16:24:42,28.1,99.9
2020-8-23 16:25:42,28.1,99.9
2020-8-23 16:26:43,28.1,99.9
2020-8-23 16:27:42,28.1,99.9
2020-8-23 16:28:43,28,99.9
2020-8-23 16:29:43,28,99.9
2020-8-23 16:30:43,28,99.9
2020-8-23 16:31:43,28,99.9
2020-8-23 16:32:43,28,99.9
2020-8-23 16:33:43,27.9,99.9
2020-8-23 16:34:43,27.9,99.9
2020-8-23 16:35:43,27.9,99.9
2020-8-23 16:36:43,27.9,99.9
2020-8-23 16:37:43,27.9,99.9
2020-8-23 16:38:43,27.9,99.9
2020-8-23 16:39:43,27.9,99.9
2020-8-23 16:40:43,27.9,99.9
2020-8-23 16:41:43,27.9,99.9
2020-8-23 16:42:43,27.9,99.9
2020-8-23 16:43:43,27.9,99.9
2020-8-23 16:44:43,27.9,99.9
2020-8-23 16:45:44,27.8,99.9
2020-8-23 16:46:43,27.8,99.9
2020-8-23 16:47:43,27.8,99.9
2020-8-23 16:48:43,27.8,99.9
2020-8-23 16:49:44,27.8,99.9
2020-8-23 16:50:43,27.8,99.9
2020-8-23 16:51:43,27.8,99.9
2020-8-23 16:52:43,27.8,99.9
2020-8-23 16:53:43,27.9,99.9
2020-8-23 16:54:45,27.8,99.9
2020-8-23 16:55:44,27.8,99.9
2020-8-23 16:56:44,27.8,99.9
2020-8-23 16:57:44,27.8,99.9
2020-8-23 16:58:44,27.8,99.9
2020-8-23 16:59:44,27.8,99.9
2020-8-23 17:0:44,27.8,99.9
2020-8-23 17:1:44,27.8,99.9
2020-8-23 17:2:44,27.8,99.9
2020-8-23 17:3:44,27.8,99.9
2020-8-23 17:4:44,27.8,99.9
2020-8-23 17:5:44,27.8,99.9
2020-8-23 17:6:44,27.8,99.9
2020-8-23 17:7:44,27.8,99.9
2020-8-23 17:8:44,27.8,99.9
2020-8-23 17:9:44,27.8,99.9
2020-8-23 17:10:44,27.8,99.9
2020-8-23 17:11:44,27.8,99.9
2020-8-23 17:12:44,27.8,99.9
2020-8-23 17:13:44,27.8,99.9
2020-8-23 17:14:45,27.8,99.9
2020-8-23 17:15:44,27.8,99.9
2020-8-23 17:16:44,27.7,99.9
2020-8-23 17:17:45,27.7,99.9
2020-8-23 17:18:45,27.7,99.9
2020-8-23 17:19:45,27.7,99.9
2020-8-23 17:20:45,27.7,99.9
2020-8-23 17:21:45,27.7,99.9
2020-8-23 17:22:45,27.7,99.9
2020-8-23 17:23:45,27.8,99.9
2020-8-23 17:24:45,27.7,99.9
2020-8-23 17:25:45,27.7,99.9
2020-8-23 17:26:45,27.7,99.9
2020-8-23 17:27:45,27.7,99.9
2020-8-23 17:28:45,27.7,99.9
2020-8-23 17:29:45,27.7,99.9
2020-8-23 17:30:45,27.7,99.9
2020-8-23 17:31:45,27.7,99.9
2020-8-23 17:32:45,27.7,99.9
2020-8-23 17:33:45,27.7,99.9
2020-8-23 17:34:45,27.7,99.9
2020-8-23 17:35:45,27.7,99.9
2020-8-23 17:36:45,27.6,99.9
2020-8-23 17:37:45,27.7,99.9
2020-8-23 17:38:45,27.6,99.9
2020-8-23 17:39:45,27.7,99.9
2020-8-23 17:40:45,27.7,99.9
2020-8-23 17:41:46,27.6,99.9
2020-8-23 17:42:46,27.6,99.9
2020-8-23 17:43:46,27.6,99.9
2020-8-23 17:44:46,27.6,99.9
2020-8-23 17:45:46,27.6,99.9
2020-8-23 17:46:46,27.6,99.9
2020-8-23 17:47:46,27.7,99.9
2020-8-23 17:48:46,27.7,99.9
2020-8-23 17:49:46,27.7,99.9
2020-8-23 17:50:46,27.7,99.9
2020-8-23 17:51:46,27.7,99.9
2020-8-23 17:52:46,27.7,99.9
2020-8-23 17:53:46,27.7,99.9
2020-8-23 17:54:46,27.7,99.9
2020-8-23 17:55:46,27.7,99.9
2020-8-23 17:56:46,27.7,99.9
2020-8-23 17:57:46,27.7,99.9
2020-8-23 17:58:46,27.7,99.9
2020-8-23 17:59:46,27.7,99.9
2020-8-23 18:0:47,27.6,99.9
2020-8-23 18:1:46,27.7,99.9
2020-8-23 18:2:46,27.7,99.9
2020-8-23 18:3:46,27.7,99.9
2020-8-23 18:4:46,27.7,99.9
2020-8-23 18:5:46,27.7,99.9
2020-8-23 18:6:47,27.7,99.9
2020-8-23 18:7:47,27.6,99.9
2020-8-23 18:8:47,27.7,99.9
2020-8-23 18:9:47,27.7,99.9
2020-8-23 18:10:47,27.7,99.9
2020-8-23 18:11:47,27.7,99.9
2020-8-23 18:12:47,27.6,99.9
2020-8-23 18:13:47,27.6,99.9
2020-8-23 18:14:47,27.7,99.9
2020-8-23 18:15:47,27.7,99.9
2020-8-23 18:16:47,27.7,99.9
2020-8-23 18:17:47,27.7,99.9
2020-8-23 18:18:47,27.7,99.9
2020-8-23 18:19:47,27.7,99.9
2020-8-23 18:20:47,27.7,99.9
2020-8-23 18:21:47,27.7,99.9
2020-8-23 18:22:47,27.7,99.9
2020-8-23 18:23:47,27.7,99.9
2020-8-23 18:24:47,27.7,99.9
2020-8-23 18:25:48,27.7,99.9
2020-8-23 18:26:48,27.7,99.9
2020-8-23 18:27:48,27.7,99.9
2020-8-23 18:28:48,27.7,99.9
2020-8-23 18:29:48,27.7,99.9
2020-8-23 18:30:48,27.7,99.9
2020-8-23 18:31:48,27.7,99.9
2020-8-23 18:32:48,27.7,99.9
2020-8-23 18:33:48,27.7,99.9
2020-8-23 18:34:48,27.7,99.9
2020-8-23 18:35:48,27.7,99.9
2020-8-23 18:36:48,27.7,99.9
2020-8-23 18:37:48,27.7,99.9
2020-8-23 18:38:48,27.7,99.9
2020-8-23 18:39:48,27.7,99.9
2020-8-23 18:41:48,27.6,99.9
2020-8-23 18:42:49,27.7,99.9
2020-8-23 18:43:48,27.6,99.9
2020-8-23 18:44:48,27.7,99.9
2020-8-23 18:45:48,27.7,99.9
2020-8-23 18:46:48,27.7,99.9
2020-8-23 18:47:48,27.6,99.9
2020-8-23 18:48:49,27.6,99.9
2020-8-23 18:49:49,27.6,99.9
2020-8-23 18:50:49,27.6,99.9
2020-8-23 18:51:49,27.6,99.9
2020-8-23 18:52:49,27.6,99.9
2020-8-23 18:53:49,27.6,99.9
2020-8-23 18:54:49,27.6,99.9
2020-8-23 18:55:49,27.6,99.9
2020-8-23 18:56:49,27.6,99.9
2020-8-23 18:57:49,27.6,99.9
2020-8-23 18:58:49,27.6,99.9
2020-8-23 18:59:49,27.6,99.9
2020-8-23 19:0:49,27.6,99.9
2020-8-23 19:1:49,27.6,99.9
2020-8-23 19:2:49,27.6,99.9
2020-8-23 19:3:49,27.6,99.9
2020-8-23 19:4:49,27.6,99.9
2020-8-23 19:5:49,27.6,99.9
2020-8-23 19:6:49,27.6,99.9
2020-8-23 19:7:50,27.6,99.9
2020-8-23 19:8:49,27.6,99.9
2020-8-23 19:9:49,27.6,99.9
2020-8-23 19:10:50,27.6,99.9
2020-8-23 19:11:50,27.6,99.9
2020-8-23 19:12:50,27.6,99.9
2020-8-23 19:13:50,27.6,99.9
2020-8-23 19:14:49,27.6,99.9
2020-8-23 19:15:49,27.6,99.9
2020-8-23 19:16:49,27.6,99.9
2020-8-23 19:17:49,27.6,99.9
2020-8-23 19:18:49,27.6,99.9
2020-8-23 19:19:50,27.6,99.9
2020-8-23 19:20:50,27.6,99.9
2020-8-23 19:21:50,27.6,99.9
2020-8-23 19:22:50,27.6,99.9
2020-8-23 19:23:50,27.6,99.9
2020-8-23 19:24:50,27.5,99.9
2020-8-23 19:25:50,27.5,99.9
2020-8-23 19:26:50,27.5,99.9
2020-8-23 19:27:50,27.4,99.9
2020-8-23 19:28:50,27.4,99.9
2020-8-23 19:29:51,27.5,99.9
2020-8-23 19:30:50,27.4,99.9
2020-8-23 19:31:50,27.5,99.9
2020-8-23 19:32:50,27.5,99.9
2020-8-23 19:33:50,27.5,99.9
2020-8-23 19:34:50,27.6,99.9
2020-8-23 19:35:50,27.6,99.9
2020-8-23 19:36:50,27.6,99.9
2020-8-23 19:37:50,27.6,99.9
2020-8-23 19:38:50,27.6,99.9
2020-8-23 19:39:51,27.6,99.9
2020-8-23 19:40:51,27.6,99.9
2020-8-23 19:41:51,27.6,99.9
2020-8-23 19:42:51,27.6,99.9
2020-8-23 19:43:52,27.6,99.9
2020-8-23 19:44:51,27.6,99.9
2020-8-23 19:45:51,27.6,99.9
2020-8-23 19:46:51,27.6,99.9
2020-8-23 19:47:51,27.6,99.9
2020-8-23 19:48:51,27.6,99.9
2020-8-23 19:49:51,27.6,99.9
2020-8-23 19:50:52,27.6,99.9
2020-8-23 19:51:51,27.6,99.9
2020-8-23 19:52:51,27.6,99.9
2020-8-23 19:53:51,27.5,99.9
2020-8-23 19:54:51,27.5,99.9
2020-8-23 19:55:51,27.5,99.9
2020-8-23 19:56:51,27.5,99.9
2020-8-23 19:57:51,27.5,99.9
2020-8-23 19:58:51,27.5,99.9
2020-8-23 19:59:51,27.5,99.9
2020-8-23 20:0:51,27.5,99.9
2020-8-23 20:1:52,27.5,99.9
2020-8-23 20:2:52,27.5,99.9
2020-8-23 20:3:51,27.5,99.9
2020-8-23 20:4:51,27.6,99.9
2020-8-23 20:5:51,27.6,99.9
2020-8-23 20:6:51,27.6,99.9
2020-8-23 20:7:51,27.5,99.9
2020-8-23 20:8:51,27.6,99.9
2020-8-23 20:9:52,27.5,99.9
2020-8-23 20:10:52,27.6,99.9
2020-8-23 20:11:52,27.5,99.9
2020-8-23 20:12:52,27.5,99.9
2020-8-23 20:13:52,27.5,99.9
2020-8-23 20:14:52,27.5,99.9
2020-8-23 20:15:52,27.5,99.9
2020-8-23 20:16:52,27.5,99.9
2020-8-23 20:17:52,27.5,99.9
2020-8-23 20:18:52,27.5,99.9
2020-8-23 20:19:52,27.5,99.9
2020-8-23 20:20:52,27.5,99.9
2020-8-23 20:21:52,27.5,99.9
2020-8-23 20:22:52,27.5,99.9
2020-8-23 20:23:52,27.5,99.9
2020-8-23 20:24:52,27.5,99.9
2020-8-23 20:25:53,27.5,99.9
2020-8-23 20:26:53,27.5,99.9
2020-8-23 20:27:53,27.5,99.9
2020-8-23 20:28:53,27.5,99.9
2020-8-23 20:29:53,27.4,99.9
2020-8-23 20:30:52,27.5,99.9
2020-8-23 20:31:53,27.4,99.9
2020-8-23 20:32:53,27.4,99.9
2020-8-23 20:33:53,27.4,99.9
2020-8-23 20:34:53,27.4,99.9
2020-8-23 20:35:53,27.4,99.9
2020-8-23 20:36:53,27.4,99.9
2020-8-23 20:37:53,27.4,99.9
2020-8-23 20:38:53,27.4,99.9
2020-8-23 20:39:53,27.4,99.9
2020-8-23 20:40:53,27.4,99.9
2020-8-23 20:41:53,27.4,99.9
2020-8-23 20:42:53,27.4,99.9
2020-8-23 20:43:53,27.4,99.9
2020-8-23 20:44:53,27.4,99.9
2020-8-23 20:45:53,27.4,99.9
2020-8-23 20:46:53,27.4,99.9
2020-8-23 20:47:53,27.4,99.9
2020-8-23 20:48:53,27.4,99.9
2020-8-23 20:49:53,27.4,99.9
2020-8-23 20:50:53,27.4,99.9
2020-8-23 20:51:53,27.4,99.9
2020-8-23 20:52:53,27.3,99.9
2020-8-23 20:53:53,27.3,99.9
2020-8-23 20:54:53,27.3,99.9
2020-8-23 20:55:53,27.3,99.9
2020-8-23 20:56:54,27.4,99.9
2020-8-23 20:57:53,27.3,99.9
2020-8-23 20:58:54,27.4,99.9
2020-8-23 20:59:54,27.4,99.9
2020-8-23 21:0:54,27.4,99.9
2020-8-23 21:1:54,27.4,99.9
2020-8-23 21:2:54,27.5,99.9
2020-8-23 21:3:54,27.5,99.9
2020-8-23 21:4:54,27.5,99.9
2020-8-23 21:5:54,27.5,99.9
2020-8-23 21:6:54,27.4,99.9
2020-8-23 21:7:54,27.5,99.9
2020-8-23 21:8:54,27.5,99.9
2020-8-23 21:9:54,27.4,99.9
2020-8-23 21:10:54,27.5,99.9
2020-8-23 21:11:54,27.4,99.9
2020-8-23 21:12:54,27.4,99.9
2020-8-23 21:13:54,27.4,99.9
2020-8-23 21:14:54,27.5,99.9
2020-8-23 21:15:54,27.5,99.9
2020-8-23 21:16:54,27.5,99.9
2020-8-23 21:17:54,27.5,99.9
2020-8-23 21:18:54,27.5,99.9
2020-8-23 21:19:54,27.5,99.9
2020-8-23 21:20:54,27.5,99.9
2020-8-23 21:21:55,27.5,99.9
2020-8-23 21:22:55,27.5,99.9
2020-8-23 21:23:55,27.5,99.9
2020-8-23 21:24:55,27.5,99.9
2020-8-23 21:25:55,27.5,99.9
2020-8-23 21:26:55,27.4,99.9
2020-8-23 21:27:55,27.4,99.9
2020-8-23 21:28:55,27.4,99.9
2020-8-23 21:29:55,27.4,99.9
2020-8-23 21:30:55,27.4,99.9
2020-8-23 21:31:55,27.3,99.9
2020-8-23 21:32:55,27.4,99.9
2020-8-23 21:33:55,27.3,99.9
2020-8-23 21:34:55,27.3,99.9
2020-8-23 21:35:55,27.3,99.9
2020-8-23 21:36:55,27.3,99.9
2020-8-23 21:37:55,27.4,99.9
2020-8-23 21:38:55,27.3,99.9
2020-8-23 21:39:55,27.3,99.9
2020-8-23 21:40:55,27.4,99.9
2020-8-23 21:41:55,27.3,99.9
2020-8-23 21:42:55,27.3,99.9
2020-8-23 21:43:55,27.3,99.9
2020-8-23 21:44:55,27.3,99.9
2020-8-23 21:45:56,27.3,99.9
2020-8-23 21:46:56,27.3,99.9
2020-8-23 21:47:55,27.3,99.9
2020-8-23 21:48:56,27.3,99.9
2020-8-23 21:49:57,27.4,99.9
2020-8-23 21:50:55,27.3,99.9
2020-8-23 21:51:56,27.4,99.9
2020-8-23 21:52:56,27.4,99.9
2020-8-23 21:53:56,27.4,99.9
2020-8-23 21:54:57,27.4,99.9
2020-8-23 21:55:56,27.4,99.9
2020-8-23 21:56:56,27.4,99.9
2020-8-23 21:57:56,27.4,99.9
2020-8-23 21:58:56,27.4,99.9
2020-8-23 21:59:56,27.4,99.9
2020-8-23 22:0:56,27.4,99.9
2020-8-23 22:1:56,27.4,99.9
2020-8-23 22:2:56,27.4,99.9
2020-8-23 22:3:56,27.4,99.9
2020-8-23 22:4:56,27.3,99.9
2020-8-23 22:5:57,27.3,99.9
2020-8-23 22:6:56,27.3,99.9
2020-8-23 22:7:57,27.3,99.9
2020-8-23 22:8:56,27.3,99.9
2020-8-23 22:9:56,27.3,99.9
2020-8-23 22:10:56,27.3,99.9
2020-8-23 22:11:57,27.4,99.9
2020-8-23 22:12:57,27.4,99.9
2020-8-23 22:13:57,27.4,99.9
2020-8-23 22:14:58,27.4,99.9
2020-8-23 22:15:57,27.4,99.9
2020-8-23 22:16:57,27.4,99.9
2020-8-23 22:17:57,27.4,99.9
2020-8-23 22:18:57,27.4,99.9
2020-8-23 22:19:57,27.4,99.9
2020-8-23 22:20:57,27.4,99.9
2020-8-23 22:21:57,27.4,99.9
2020-8-23 22:22:57,27.4,99.9
2020-8-23 22:23:57,27.4,99.9
2020-8-23 22:24:57,27.4,99.9
2020-8-23 22:25:57,27.4,99.9
2020-8-23 22:26:57,27.4,99.9
2020-8-23 22:27:57,27.4,99.9
2020-8-23 22:28:58,27.4,99.9
2020-8-23 22:29:57,27.4,99.9
2020-8-23 22:30:58,27.4,99.9
2020-8-23 22:31:57,27.4,99.9
2020-8-23 22:32:57,27.4,99.9
2020-8-23 22:33:57,27.4,99.9
2020-8-23 22:34:58,27.3,99.9
2020-8-23 22:35:57,27.4,99.9
2020-8-23 22:36:58,27.3,99.9
2020-8-23 22:37:58,27.3,99.9
2020-8-23 22:38:57,27.3,99.9
2020-8-23 22:39:57,27.3,99.9
2020-8-23 22:40:58,27.3,99.9
2020-8-23 22:41:58,27.3,99.9
2020-8-23 22:42:58,27.4,99.9
2020-8-23 22:43:58,27.4,99.9
2020-8-23 22:44:58,27.3,99.9
2020-8-23 22:45:58,27.4,99.9
2020-8-23 22:46:58,27.3,99.9
2020-8-23 22:47:58,27.3,99.9
2020-8-23 22:48:58,27.3,99.9
2020-8-23 22:49:58,27.3,99.9
2020-8-23 22:50:58,27.3,99.9
2020-8-23 22:51:58,27.3,99.9
2020-8-23 22:52:58,27.3,99.9
2020-8-23 22:53:58,27.3,99.9
2020-8-23 22:54:58,27.3,99.9
2020-8-23 22:55:58,27.3,99.9
2020-8-23 22:56:58,27.3,99.9
2020-8-23 22:57:58,27.3,99.9
2020-8-23 22:58:58,27.3,99.9
2020-8-23 22:59:58,27.3,99.9
2020-8-23 23:0:58,27.3,99.9
2020-8-23 23:1:58,27.3,99.9
2020-8-23 23:2:58,27.3,99.9
2020-8-23 23:3:59,27.3,99.9
2020-8-23 23:4:58,27.3,99.9
2020-8-23 23:5:58,27.3,99.9
2020-8-23 23:6:58,27.3,99.9
2020-8-23 23:7:58,27.3,99.9
2020-8-23 23:8:58,27.3,99.9
2020-8-23 23:9:58,27.3,99.9
2020-8-23 23:10:59,27.3,99.9
2020-8-23 23:11:58,27.3,99.9
2020-8-23 23:12:59,27.3,99.9
2020-8-23 23:13:59,27.3,99.9
2020-8-23 23:14:59,27.3,99.9
2020-8-23 23:15:59,27.3,99.9
2020-8-23 23:16:59,27.4,99.9
2020-8-23 23:17:59,27.3,99.9
2020-8-23 23:18:59,27.3,99.9
2020-8-23 23:19:59,27.4,99.9
2020-8-23 23:20:59,27.3,99.9
2020-8-23 23:21:59,27.3,99.9
2020-8-23 23:22:59,27.3,99.9
2020-8-23 23:23:59,27.3,99.9
2020-8-23 23:24:59,27.3,99.9
2020-8-23 23:25:59,27.3,99.9
2020-8-23 23:26:59,27.3,99.9
2020-8-23 23:28:0,27.3,99.9
2020-8-23 23:28:59,27.3,99.9
2020-8-23 23:29:59,27.3,99.9
2020-8-23 23:30:59,27.3,99.9
2020-8-23 23:31:59,27.2,99.9
2020-8-23 23:32:59,27.2,99.9
2020-8-23 23:33:59,27.2,99.9
2020-8-23 23:34:59,27.2,99.9
2020-8-23 23:35:59,27.2,99.9
2020-8-23 23:36:59,27.2,99.9
2020-8-23 23:37:59,27.2,99.9
2020-8-23 23:38:59,27.2,99.9
2020-8-23 23:40:0,27.2,99.9
2020-8-23 23:41:0,27.3,99.9
2020-8-23 23:42:0,27.3,99.9
2020-8-23 23:43:0,27.3,99.9
